Data,Otwarcie,Najwyzszy,Najnizszy,Zamkniecie,Wolumen
2020-04-29,5886.25,6180.3,5886.25,6180.3,4319.9871610896
2020-04-30,6226.77,6226.77,6103.44,6103.44,5511.5920112736
2020-05-01,5873.74,5922.01,5873.74,5922.01,1348.247741288
2020-05-04,5859.44,5859.44,5526.97,5526.97,4165.5820255728
2020-05-05,5553.78,5676.22,5553.78,5676.22,2422.370423144
2020-05-06,5720.02,5720.02,5652.09,5652.09,1802.5121254896
2020-05-07,5693.2,5693.2,5693.2,5693.2,1566.42891104
2020-05-11,5779.9,5791.52,5779.9,5791.52,2212.0213979472
2020-05-12,5759.34,5913.96,5759.34,5913.96,4695.9300997392
2020-05-13,5744.15,5744.15,5526.97,5526.97,19453.928197323
2020-05-14,5597.57,5597.57,5536.8,5536.8,2269.0841654208
2020-05-15,5602.94,5760.24,5602.94,5760.24,5876.3461719872
2020-05-18,5835.31,6031.94,5835.31,6031.94,1288.9472182272
2020-05-19,6140.08,6140.08,6137.4,6137.4,4773.1326674976
2020-05-20,6186.56,6186.56,6174.04,6174.04,7317.460770144
2020-05-21,6174.04,6174.04,6174.04,6174.04
2020-05-22,6174.04,6174.04,6174.04,6174.04
2020-05-25,6240.18,6240.18,6240.18,6240.18,2203.0703755984
2020-05-26,6241.97,6319.73,6241.97,6319.73,9479.1326673792
2020-05-27,6269.67,6269.67,6011.38,6011.38,8794.379457696
2020-05-28,6074.84,6074.84,5922.01,5922.01,5367.2567758992
2020-05-29,5888.94,5888.94,5853.19,5853.19,2278.0351877696
2020-06-01,5853.19,5853.19,5853.19,5853.19
2020-06-02,6048.02,6262.52,6048.02,6262.52,1418.7370422848
2020-06-03,6296.49,6694.21,6296.49,6694.21,5434.3894435152
2020-06-04,6695.99,6765.71,6695.99,6765.71,2652.8592486256
2020-06-05,6765.71,6765.71,6765.71,6765.71
2020-06-08,6914.96,7187.56,6914.96,7187.56,3484.1854492704
2020-06-09,7178.62,7178.62,7028.47,7028.47,2242.2310983744
2020-06-10,6946.25,6946.25,6944.46,6944.46,1549.645744136
2020-06-11,6775.54,6775.54,6586.06,6586.06,4832.4331905584
2020-06-12,6423.4,6795.2,6423.4,6795.2,4412.8540179584
2020-06-15,6569.98,6707.61,6569.98,6707.61,9980.389918912
2020-06-16,6883.68,6905.13,6883.68,6905.13,4915.2301472848
2020-06-17,6917.65,7350.22,6917.65,7350.22,2216.4969091216
2020-06-18,7347.54,7347.54,7257.27,7257.27,1871.8825486928
2020-06-19,7259.06,7259.06,7124.1,7124.1,3084.7460769552
2020-06-22,7061.54,7061.54,7049.92,7049.92,60.4194008544
2020-06-23,7042.77,7042.77,6992.72,6992.72,578.4598192912
2020-06-24,6998.08,6998.08,6832.74,6832.74,462.0965287568
2020-06-25,6762.13,6831.85,6762.13,6831.85,1728.666191112
2020-06-26,6866.7,6866.7,6866.7,6866.7,355.8031383648
2020-06-29,6773.75,6842.57,6773.75,6842.57,5761.1017592464
2020-06-30,6839.89,6914.07,6839.89,6914.07,858.1792676912
2020-07-01,6930.16,6930.16,6920.33,6920.33,1884.1902044224
2020-07-02,6982.89,7149.13,6982.89,7149.13,4659.0071325504
2020-07-03,7098.18,7179.52,7098.18,7179.52,1250.9053732448
2020-07-06,7343.97,7455.68,7343.97,7455.68,2712.1597716864
2020-07-07,7416.36,7416.36,7321.62,7321.62,316.6424155888
2020-07-08,7332.35,7332.35,7238.5,7238.5,4096.2116023696
2020-07-09,7298.38,7298.38,7217.95,7217.95,1453.4222538864
2020-07-10,7130.36,7285.87,7130.36,7285.87,3074.6761768128
2020-07-13,7320.73,7337.71,7320.73,7337.71,2365.3076556704
2020-07-14,7286.77,7286.77,7286.77,7286.77,8.9510223488
2020-07-15,7335.92,7486.97,7335.92,7486.97,3488.6609604448
2020-07-16,7442.28,7442.28,7442.28,7442.28,21126.650498755
2020-07-17,7494.12,7574.55,7494.12,7574.55,1143.4931050592
2020-07-20,7559.36,7559.36,7557.57,7557.57,1011.4655254144
2020-07-21,7633.54,7634.44,7633.54,7634.44,33.566333808
2020-07-22,7594.22,7594.22,7594.22,7594.22,345.7332382224
2020-07-23,7615.67,7615.67,7528.97,7528.97,15.6642891104
2020-07-24,7606.73,7606.73,7446.75,7446.75,4970.0551591712
2020-07-27,7469.09,7469.09,7469.09,7469.09,1100.9757489024
2020-07-28,7390.44,7404.74,7390.44,7404.74,1735.3794578736
2020-07-29,7409.21,7409.21,7409.21,7409.21,1709.6452686208
2020-07-30,7450.32,7450.32,7261.74,7261.74,756.3613884736
2020-07-31,7305.53,7305.53,7225.99,7225.99,511.3271516752
2020-08-03,7206.33,7428.87,7206.33,7428.87,1828.2463147424
2020-08-04,7420.83,7503.05,7420.83,7503.05,1876.3580598672
2020-08-05,7517.35,7682.7,7517.35,7682.7,1407.5482643488
2020-08-06,7704.15,7736.32,7704.15,7736.32,2125.86780784
2020-08-07,7681.8,7796.2,7681.8,7796.2,1159.1573941696
2020-08-10,7828.38,7828.38,7826.59,7826.59,1088.6680931728
2020-08-11,7909.71,8062.54,7909.71,8062.54,2006.1478839248
2020-08-12,8104.55,8112.59,8104.55,8112.59,645.5924869072
2020-08-13,8103.66,8192.14,8103.66,8192.14,44.755111744
2020-08-14,8123.32,8123.32,8115.27,8115.27,5111.0337611648
2020-08-17,8127.79,8320.84,8127.79,8320.84,5437.746076896
2020-08-18,8463.84,8463.84,8330.67,8330.67,3637.4717069936
2020-08-19,8778.44,8778.44,8664.93,8664.93,10461.50737016
2020-08-20,8749.84,8799.44,8749.84,8799.44,1104.3323822832
2020-08-21,8773.97,8773.97,8408.42,8408.42,4270.7565381712
2020-08-24,8471.88,8471.88,8367.31,8367.31,2339.5734664176
2020-08-25,8396.81,8481.71,8396.81,8481.71,399.4393723152
2020-08-26,8350.33,8634.54,8350.33,8634.54,2109.084640936
2020-08-27,8602.37,8602.37,8513.89,8513.89,683.6343318896
2020-08-28,8486.18,8550.53,8486.18,8550.53,7386.8311933472
2020-08-31,8621.14,8621.14,8572.24,8572.24,1613.4217783712
2020-09-01,8567.51,8567.51,8567.51,8567.51,1857.337137376
2020-09-02,8655.99,8659.57,8655.99,8659.57,1752.1626247776
2020-09-03,8735.54,8735.54,8735.54,8735.54,2774.816928128
2020-09-04,8631.86,8631.86,8525.51,8525.51,832.4450784384
2020-09-07,8611.75,8746.26,8611.75,8746.26,151.048502136
2020-09-08,8701.58,8701.58,8605.94,8605.94,1981.5325724656
2020-09-09,8726.6,8844.13,8726.6,8844.13,2176.217308552
2020-09-10,8862.45,8959.87,8862.45,8959.87,1288.9472182272
2020-09-11,8991.15,8991.15,8432.56,8432.56,2825.16642884
2020-09-14,8589.86,8664.04,8589.86,8664.04,4855.929624224
2020-09-15,8655.99,8655.99,8478.14,8478.14,19410.291963373
2020-09-16,8491.54,8512.1,8491.54,8512.1,340.1388492544
2020-09-17,8500.48,8590.75,8500.48,8590.75,4554.9514977456
2020-09-18,8639.01,8639.01,8639.01,8639.01,6899.0004753376
2020-09-21,8476.35,8476.35,8196.61,8196.61,4739.5663336896
2020-09-22,8516.57,8516.57,8516.57,8516.57,4181.2463146832
2020-09-23,8571.98,8778.44,8571.98,8778.44,813.4241559472
2020-09-24,8601.48,8601.48,8507.63,8507.63,399.4393723152
2020-09-25,8597.01,8605.05,8597.01,8605.05,4190.197337032
2020-09-28,8715.88,8715.88,8715.88,8715.88,2212.0213979472
2020-09-29,9004.11,9004.11,8984.45,8984.45,2474.9576794432
2020-09-30,8867.81,8968.81,8867.81,8968.81,109.6500237728
2020-10-01,9036.73,9366.53,9036.73,9158.73,270.7684260512
2020-10-02,9045.67,9045.67,8977.75,8977.75,1532.862577232
2020-10-05,8991.15,8991.15,8991.15,8991.15,821.2563005024
2020-10-06,9068.01,9068.01,8961.66,8961.66,1593.2819780864
2020-10-07,9063.99,9366.53,9063.99,9259.28,2341.8112220048
2020-10-08,9290.56,9366.53,9111.81,9214.59,1103.2135044896
2020-10-09,9228,9366.53,9111.81,9234.7,5794.6680930544
2020-10-12,9303.97,9543.04,9111.81,9543.04,1793.5611031408
2020-10-13,9741.9,9741.9,9527.4,9527.4,3103.7669994464
2020-10-14,9793.29,9793.29,9755.31,9755.31,5266.5577744752
2020-10-15,9721.79,9721.79,9516.23,9516.23,2455.936756952
2020-10-16,9596.67,9621.25,9596.67,9621.25,3598.3109842176
2020-10-19,9630.18,9630.18,9529.64,9529.64,352.446504984
2020-10-20,9554.22,9554.22,9442.5,9442.5,1436.6390869824
2020-10-21,9444.73,9444.73,9111.81,9239.17,539.2990965152
2020-10-22,9169.9,9366.53,9111.81,9210.12,1448.946742712
2020-10-23,9143.09,9366.53,9111.81,9152.03,297.6214930976
2020-10-26,9079.63,9079.63,8939.76,8939.76,1071.8849262688
2020-10-27,9119.41,9366.53,9111.81,9117.17,4659.0071325504
2020-10-28,8968.36,8968.36,8770.39,8770.39,2391.0418449232
2020-10-29,8728.39,8923.23,8728.39,8923.23,4002.2258677072
2020-10-30,8782.91,9075.16,8782.91,9075.16,4617.6086541872
2020-11-02,9160.96,9366.53,9111.81,9274.92,833.563956232
2020-11-03,9359.82,9366.53,9111.81,9359.82,675.8021873344
2020-11-04,9241.4,9366.53,9111.81,9362.06,751.8858772992
2020-11-05,9453.67,9484.95,9453.67,9484.95,1020.4165477632
2020-11-06,9442.5,9674.87,9442.5,9674.87,4334.5325724064
2020-11-09,9773.19,9773.19,9572.09,9572.09,2548.8036138208
2020-11-10,9674.87,9679.34,9674.87,9679.34,3789.6390869232
2020-11-11,9648.06,9739.67,9648.06,9739.67,2561.1112695504
2020-11-12,9726.26,10045.8,9726.26,10045.8,3496.493105
2020-11-13,9929.59,10132.9,9929.59,10132.9,6060.9610079312
2020-11-16,10217.8,10217.8,10213.4,10213.4,3201.1093674896
2020-11-17,10164.2,10273.7,10164.2,10273.7,4578.4479314112
2020-11-18,10410,10410,10269.2,10269.2,5542.9205894944
2020-11-19,10237.9,10237.9,10231.2,10231.2,4318.868283296
2020-11-20,10309.4,10530.6,10309.4,10530.6,1713.0019020016
2020-11-23,10702.7,10756.3,10702.7,10756.3,2585.7265810096
2020-11-24,10807.7,11259,10807.7,11259,2921.3899190896
2020-11-25,11223.3,11223.3,11060.2,11060.2,3189.9205895536
2020-11-26,11075.8,11218.8,11075.8,11218.8,1535.1003328192
2020-11-27,11151.8,11151.8,11151.8,11151.8,1633.561578656
2020-11-30,11091.5,11330.5,11091.5,11330.5,7364.4536374752
2020-12-01,11339.5,11381.9,11339.5,11381.9,4002.2258677072
2020-12-02,11301.5,11301.5,11051.3,11051.3,1213.982406056
2020-12-03,10970.8,11093.7,10970.8,11093.7,4128.659058384
2020-12-04,11232.2,11306,11232.2,11306,4413.972895752
2020-12-07,11388.6,11388.6,11388.6,11388.6,3925.0232999488
2020-12-08,11381.9,11495.9,11381.9,11495.9,148.8107465488
2020-12-09,11527.2,11527.2,11527.2,11527.2,149.9296243424
2020-12-10,11404.3,11404.3,11399.8,11399.8,5313.5506418064
2020-12-11,11471.3,11607.6,11471.3,11607.6,691.4664764448
2020-12-14,11871.3,11971.8,11871.3,11971.8,1163.632905344
2020-12-15,12090.2,12195.3,12090.2,12195.3,735.1027103952
2020-12-16,12233.2,12505.8,12233.2,12505.8,1710.7641464144
2020-12-17,12467.8,12467.8,12219.8,12219.8,2228.8045648512
2020-12-18,12141.6,12521.5,12141.6,12521.5,7969.7665238128
2020-12-21,12313.7,12336,12313.7,12336,1012.584403208
2020-12-22,12351.7,12351.7,12208.7,12208.7,361.3975273328
2020-12-23,12248.9,12248.9,12224.3,12224.3,534.8235853408
2020-12-24,12224.3,12224.3,12224.3,12224.3
2020-12-29,12266.8,12266.8,12266.8,12266.8,462.0965287568
2020-12-30,12298,12304.7,12298,12304.7,295.3837375104
2020-12-31,12304.7,12304.7,12304.7,12304.7
2021-01-04,12255.6,12264.5,12255.6,12264.5,2301.5316214352
2021-01-05,12197.5,12336,12197.5,12336,4512.4341415888
2021-01-06,12382.9,12382.9,12217.6,12217.6,9638.0133140704
2021-01-07,12195.3,12548.3,12195.3,12548.3,4265.1621492032
2021-01-08,12635.4,12896.9,12635.4,12896.9,7578.1592960528
2021-01-11,12912.5,12912.5,12910.3,12910.3,802.2353780112
2021-01-12,13077.8,13357.1,13077.8,13357.1,1599.995244848
2021-01-13,13312.4,13312.4,13303.5,13303.5,1767.826913888
2021-01-14,13381.7,13524.7,13381.7,13524.7,490.0684735968
2021-01-15,13471.1,13471.1,13270,13270,1321.3946742416
2021-01-18,13312.4,13560.5,13312.4,13560.5,1050.6262481904
2021-01-19,13605.1,13605.1,13444.3,13444.3,340.1388492544
2021-01-20,13573.9,13573.9,13442,13442,485.5929624224
2021-01-21,13573.9,13573.9,13292.3,13292.3,673.5644317472
2021-01-22,13104.6,13104.6,12874.5,12874.5,1324.7513076224
2021-01-25,12890.1,12890.1,12213.1,12213.1,2655.0970042128
2021-01-26,12134.9,12134.9,11862.3,11862.3,3057.8930099088
2021-01-27,11723.8,11723.8,11252.3,11252.3,7101.5173559792
2021-01-28,11133.9,11301.5,11133.9,11301.5,2067.6861625728
2021-01-29,11241.2,11370.8,11241.2,11370.8,6937.04232032
2021-02-01,11487,11962.9,11487,11962.9,4014.5335234368
2021-02-02,12112.6,12112.6,11947.2,11947.2,1836.0784592976
2021-02-03,12076.8,12092.5,12076.8,12092.5,829.0884450576
2021-02-04,12141.6,12141.6,11757.3,11757.3,2632.7194483408
2021-02-05,12114.8,12114.8,11929.4,11929.4,4599.7066094896
2021-02-08,11846.7,11873.5,11846.7,11873.5,2356.3566333216
2021-02-09,11924.9,11929.4,11924.9,11929.4,1257.6186400064
2021-02-10,11040.1,11066.9,11040.1,11066.9,2542.0903470592
2021-02-11,11178.6,11422.2,11178.6,11422.2,3751.5972419408
2021-02-12,11516,11516,11270.2,11270.2,4041.3865904832
2021-02-15,11388.6,11388.6,11145.1,11145.1,3121.669044144
2021-02-16,11196.5,11196.5,10952.9,10952.9,4087.2605800208
2021-02-17,11051.3,11328.3,11051.3,11328.3,3272.71754628
2021-02-18,11350.7,11350.7,11111.6,11111.6,4161.1065143984
2021-02-19,11140.6,11395.3,11140.6,11395.3,4381.5254397376
2021-02-22,11431.1,11444.5,11431.1,11444.5,2476.0765572368
2021-02-23,11549.5,11549.5,11513.8,11513.8,1809.2253922512
2021-02-24,11549.5,12416.5,11549.5,12416.5,1977.0570612912
2021-02-25,12476.8,12476.8,12331.6,12331.6,2225.4479314704
2021-02-26,11991.9,11991.9,11860.1,11860.1,5215.0893959696
2021-03-01,12018.7,12304.7,12018.7,12304.7,2036.357584352
2021-03-02,12362.8,12362.8,12358.4,12358.4,174.5449358016
2021-03-03,12307,12307,12112.6,12112.6,627.6904422096
2021-03-04,12101.4,12101.4,12029.9,12029.9,926.4308131008
2021-03-05,12003.1,12003.1,11962.9,11962.9,3617.3319067088
2021-03-08,11996.4,11996.4,11714.9,11714.9,932.0252020688
2021-03-09,11842.2,12356.1,11842.2,12356.1,2556.635758376
2021-03-10,12313.7,12414.2,12313.7,12414.2,5721.9410364704
2021-03-11,12438.8,12691.3,12438.8,12691.3,3032.158820656
2021-03-12,12680.1,12680.1,12561.7,12561.7,2301.5316214352
2021-03-15,12666.7,12666.7,12666.7,12666.7,8115.2206369808
2021-03-16,12662.2,12823.1,12662.2,12823.1,4222.6447930464
2021-03-17,12709.2,12981.8,12709.2,12981.8,6528.651925656
2021-03-18,13113.6,13489,13113.6,13489,2887.8235852816
2021-03-19,13274.5,13435.3,13274.5,13435.3,7277.1811695744
2021-03-22,13343.7,13343.7,13205.2,13205.2,2575.6566808672
2021-03-23,12908,12908,12481.3,12481.3,5240.8235852224
2021-03-24,12139.4,12181.8,12139.4,12181.8,3041.1098430048
2021-03-25,12213.1,12213.1,12168.4,12168.4,841.3961007872
2021-03-26,12423.2,12879,12423.2,12879,2727.8240607968
2021-03-29,12879,12879,12782.9,12782.9,991.3257251296
2021-03-30,12823.1,12975.1,12823.1,12975.1,4651.1749879952
2021-03-31,13106.9,13234.2,13106.9,13234.2,1319.1569186544
2021-04-01,13234.2,13234.2,13234.2,13234.2
2021-04-06,13120.3,13276.7,13120.3,13276.7,1273.2829291168
2021-04-07,13354.9,13520.2,13354.9,13520.2,4891.7337136192
2021-04-08,13582.8,13582.8,13578.3,13578.3,2556.635758376
2021-04-09,13607.4,13607.4,13607.4,13607.4,2016.2177840672
2021-04-12,13607.4,13607.4,13410.8,13410.8,624.3338088288
2021-04-13,13348.2,13500.1,13348.2,13500.1,516.9215406432
2021-04-14,13437.6,13437.6,13097.9,13097.9,7846.6899665168
2021-04-15,13133.7,13278.9,13133.7,13278.9,3826.562054112
2021-04-16,13303.5,13587.3,13303.5,13587.3,4463.2035186704
2021-04-19,13607.4,13634.2,13607.4,13634.2,1070.7660484752
2021-04-20,13567.2,13567.2,13413,13413,18241.064669061
2021-04-21,13292.3,13433.1,13292.3,13433.1,1583.212077944
2021-04-22,13522.5,13522.5,13236.5,13236.5,7665.4317639536
2021-04-23,13274.5,13551.5,13274.5,13551.5,5197.187351272
2021-04-26,13614.1,13940.3,13614.1,13940.3,3489.7798382384
2021-04-27,14543.6,14543.6,13777.2,13777.2,7898.1583450224
2021-04-28,13741.4,13781.7,13741.4,13781.7,7406.970993632
2021-04-29,13938.1,13938.1,13763.8,13763.8,7949.626723528
2021-04-30,13763.8,13763.8,13763.8,13763.8
2021-05-03,13464.4,13464.4,13464.4,13464.4,407.2715168704
2021-05-04,13602.9,13602.9,13310.2,13310.2,464.334284344
2021-05-05,13562.7,14284.4,13562.7,14284.4,3982.0860674224
2021-05-06,14380.5,14586,14380.5,14586,8035.7803136352
2021-05-07,14554.8,14554.8,14219.6,14219.6,11729.195910309
2021-05-10,14454.2,14778.2,14454.2,14778.2,5104.3204944032
2021-05-11,14351.4,14351.4,14150.3,14150.3,4592.993342728
2021-05-12,13931.4,13931.4,13775,13775,1630.2049452752
2021-05-13,13775,13775,13775,13775
2021-05-14,13775,13775,13775,13775
2021-05-17,13824.1,14031.9,13824.1,14031.9,20732.805515408
2021-05-18,14056.5,14496.7,14056.5,14496.7,3286.1440798032
2021-05-19,14635.2,14635.2,14429.6,14429.6,744.053732744
2021-05-20,14668.7,14827.4,14668.7,14827.4,4138.7289585264
2021-05-21,14910,15234,14910,15234,2745.7261054944
2021-05-24,15234,15234,15234,15234
2021-05-25,15412.8,15412.8,15314.5,15314.5,4326.7004278512
2021-05-26,15171.5,15171.5,14994.9,14994.9,6115.7860198176
2021-05-27,15037.4,15037.4,14898.9,14898.9,1198.3181169456
2021-05-28,14988.2,14994.9,14988.2,14994.9,1032.7242034928
2021-06-01,15111.1,15437.3,15111.1,15437.3,1461.2543984416
2021-06-02,15430.6,15611.6,15430.6,15611.6,3112.7180217952
2021-06-03,15709.9,15877.5,15709.9,15877.5,1059.5772705392
2021-06-04,16020.5,16208.2,16020.5,16208.2,3025.4455538944
2021-06-07,16112.1,16275.2,16112.1,16275.2,872.724679008
2021-06-08,16270.8,16270.8,16208.2,16208.2,1635.7993342432
2021-06-09,16105.4,16286.4,16105.4,16286.4,1979.2948168784
2021-06-10,16378,16530,16378,16530,1312.4436518928
2021-06-11,16561.2,16561.2,16389.2,16389.2,1530.6248216448
2021-06-14,16456.2,16456.2,16279.7,16279.7,2020.6932952416
2021-06-15,16369.1,16527.7,16369.1,16527.7,1026.0109367312
2021-06-16,16556.8,16556.8,16360.1,16360.1,623.2149310352
2021-06-17,16380.3,16380.3,16201.5,16201.5,1671.6034236384
2021-06-18,16306.5,16306.5,15935.6,15935.6,1521.673799296
2021-06-21,15888.7,16212.7,15888.7,16212.7,1885.309082216
2021-06-22,16378,16378,16185.9,16185.9,3072.4384212256
2021-06-23,16210.4,16210.4,16033.9,16033.9,2179.5739419328
2021-06-24,16138.9,16138.9,16130,16130,6116.9048976112
2021-06-25,16230.5,16230.5,16230.5,16230.5,1823.770803568
2021-06-28,16328.9,16328.9,16147.9,16147.9,807.8297669792
2021-06-29,16056.3,16239.5,16056.3,16239.5,410.6281502512
2021-06-30,16138.9,16319.9,16138.9,16319.9,167.83166904
2021-07-01,16232.8,16232.8,16101,16101,1841.6728482656
2021-07-02,16246.2,16281.9,16246.2,16281.9,195.80361388
2021-07-05,16286.4,16480.8,16286.4,16480.8,738.459343776
2021-07-06,16474.1,16478.6,16474.1,16478.6,789.9277222816
2021-07-07,16454,16471.9,16454,16471.9,1253.143128832
2021-07-08,16525.5,16525.5,16132.2,16132.2,3423.766048416
2021-07-09,16042.9,16096.5,16042.9,16096.5,3470.7589157472
2021-07-12,16047.3,16168,16047.3,16168,1986.00808364
2021-07-13,16208.2,16208.2,16027.2,16027.2,996.9201140976
2021-07-14,15861.9,16022.8,15861.9,16022.8,1272.1640513232
2021-07-15,15980.3,15980.3,15459.7,15459.7,1448.946742712
2021-07-16,15482,15575.9,15482,15575.9,741.8159771568
2021-07-19,15339,15339,15303.3,15303.3,3296.2139799456
2021-07-20,15343.5,15343.5,15171.5,15171.5,2368.6642890512
2021-07-21,15276.5,15441.8,15276.5,15441.8,1240.8354731024
2021-07-22,15508.8,15535.7,15508.8,15535.7,3255.934379376
2021-07-23,15410.5,15428.4,15410.5,15428.4,1828.2463147424
2021-07-26,15558,15739,15558,15739,627.6904422096
2021-07-27,15604.9,15604.9,15591.5,15591.5,2157.1963860608
2021-07-28,15589.3,15589.3,15401.6,15401.6,1831.6029481232
2021-07-29,15332.3,15332.3,15312.2,15312.2,3883.6248215856
2021-07-30,15155.8,15629.5,15155.8,15629.5,6285.8554444448
2021-08-02,15692.1,15692.1,15692.1,15692.1,3261.528768344
2021-08-03,16058.5,16058.5,15560.2,15560.2,4135.3723251456
2021-08-04,15685.4,15685.4,15685.4,15685.4,411.7470280448
2021-08-05,15669.7,15669.7,15488.7,15488.7,685.8720874768
2021-08-06,15783.7,15783.7,15540.1,15540.1,1652.5825011472
2021-08-09,15747.9,15747.9,15596,15596,971.1859248448
2021-08-10,15801.5,15946.8,15801.5,15946.8,546.0123632768
2021-08-11,16029.5,16521,16029.5,16521,1735.3794578736
2021-08-12,16518.8,16853.9,16518.8,16853.9,3660.9681406592
2021-08-13,17048.3,17048.3,16784.7,16784.7,3286.1440798032
2021-08-16,16590.3,16590.3,16550.1,16550.1,3240.2700902656
2021-08-17,16460.7,16829.4,16460.7,16829.4,5137.8868282112
2021-08-18,16766.8,16766.8,16746.7,16746.7,1977.0570612912
2021-08-19,16585.8,16585.8,16389.2,16389.2,1127.8288159488
2021-08-20,16420.5,16420.5,16049.6,16049.6,805.592011392
2021-08-23,16183.6,16183.6,15989.2,15989.2,164.4750356592
2021-08-24,16219.4,16219.4,15844,15844,108.5311459792
2021-08-25,15772.5,15772.5,15596,15596,628.8093200032
2021-08-26,15667.5,16016,15667.5,16016,4449.7769851472
2021-08-27,16067.4,16067.4,16063,16063,3427.1226817968
2021-08-30,16185.9,16185.9,16118.8,16118.8,212.586780784
2021-08-31,16433.9,16433.9,15933.4,15933.4,3602.786495392
2021-09-01,16076.4,16076.4,15944.5,15944.5,2417.8949119696
2021-09-02,15989.2,16163.5,15989.2,16163.5,1964.7494055616
2021-09-03,16290.9,16657.3,16290.9,16657.3,6379.8411791072
2021-09-06,16684.1,17039.4,16684.1,17039.4,1870.7636708992
2021-09-07,17142.2,17323.2,17142.2,17323.2,873.8435568016
2021-09-08,17392.4,17392.4,17021.5,17021.5,836.9205896128
2021-09-09,16945.6,17479.6,16945.6,17479.6,3910.477888632
2021-09-10,17385.7,17385.7,17173.5,17173.5,1023.773181144
2021-09-13,17320.9,17320.9,17157.8,17157.8,2798.3133617936
2021-09-14,17316.5,17316.5,17316.5,17316.5,2567.824536312
2021-09-15,17443.8,17808,17443.8,17808,1218.4579172304
2021-09-16,17803.6,17812.5,17803.6,17812.5,1212.8635282624
2021-09-17,17991.2,17991.2,17609.2,17609.2,708.2496433488
2021-09-20,17247.2,17247.2,16769,16769,2082.2315738896
2021-09-21,16643.9,16976.8,16643.9,16976.8,1190.4859723904
2021-09-22,17186.9,17186.9,17186.9,17186.9,680.2776985088
2021-09-23,17410.3,17589.1,17410.3,17589.1,354.6842605712
2021-09-24,17560,17560,17392.4,17392.4,4034.6733237216
2021-09-27,17372.3,17372.3,16793.6,16793.6,1175.9405610736
2021-09-28,16744.5,16744.5,16547.8,16547.8,12823.45839245
2021-09-29,16559,16576.9,16559,16576.9,1748.8059913968
2021-09-30,16659.5,16659.5,15593.7,15593.7,4867.11840216
2021-10-01,15334.6,15361.4,15334.6,15361.4,5785.7170707056
2021-10-04,15205,15205,14708.9,14708.9,7865.710889008
2021-10-05,14717.9,15323.4,14717.9,15323.4,2421.2515453504
2021-10-06,15149.1,15303.3,15149.1,15303.3,5078.5863051504
2021-10-07,15542.4,15542.4,15526.7,15526.7,3449.5002376688
2021-10-08,15705.5,15707.7,15705.5,15707.7,3405.8640037184
2021-10-11,15587,15587,15354.7,15354.7,3141.8088444288
2021-10-12,15180.4,15667.5,15180.4,15667.5,3716.9120303392
2021-10-13,15634,15654.1,15634,15654.1,7729.2077981888
2021-10-14,15707.7,15707.7,14892.2,14892.2,4049.2187350384
2021-10-15,14903.3,14903.3,14860.9,14860.9,9078.5744172704
2021-10-18,14729,15039.6,14729,15039.6,694.8231098256
2021-10-19,15053,15663,15053,15663,3676.6324297696
2021-10-20,15658.5,15658.5,15645.1,15645.1,2464.8877793008
2021-10-21,15573.6,15826.1,15573.6,15826.1,1818.1764146
2021-10-22,15886.5,16013.8,15886.5,16013.8,1441.1145981568
2021-10-25,16360.1,16467.4,16360.1,16467.4,8482.2125532816
2021-10-26,16621.6,16800.3,16621.6,16800.3,3024.3266761008
2021-10-27,16693.1,16822.7,16693.1,16822.7,3772.8559200192
2021-10-28,16559,16559,16279.7,16279.7,439.7189728848
2021-10-29,16480.8,16655.1,16480.8,16655.1,3620.6885400896
2021-11-01,16871.8,17352.2,16871.8,17352.2,4136.4912029392
2021-11-02,17405.8,17644.9,17405.8,17644.9,5282.2220635856
2021-11-03,17803.6,18375.6,17803.6,18375.6,6681.9381833792
2021-11-04,18558.8,18558.8,17982.3,17982.3,3893.694721728
2021-11-05,17848.2,17848.2,17450.5,17450.5,4236.0713265696
2021-11-08,17403.6,17622.6,17403.6,17622.6,1774.5401806496
2021-11-09,17573.4,17960,17573.4,17960,1830.4840703296
2021-11-10,17904.1,17904.1,17477.3,17477.3,1401.9538753808
2021-11-11,17468.4,17854.9,17468.4,17854.9,4127.5401805904
2021-11-12,17935.4,17991.2,17935.4,17991.2,9329.2030430368
2021-11-15,17814.7,17814.7,17638.2,17638.2,7673.2639085088
2021-11-16,17810.3,17810.3,17633.7,17633.7,2930.3409414384
2021-11-17,17495.2,17495.2,17495.2,17495.2,6032.9890630912
2021-11-18,17591.3,17591.3,17189.1,17189.1,13644.714692952
2021-11-19,17499.7,17687.4,17499.7,17687.4,3599.4298620112
2021-11-22,17781.2,17781.2,17577.9,17577.9,2342.9300997984
2021-11-23,17486.3,17486.3,17117.6,17117.6,2834.1174511888
2021-11-24,17005.9,17037.2,17005.9,17037.2,3964.1840227248
2021-11-25,17166.8,17169,17166.8,17169,1921.1131716112
2021-11-26,16905.3,17265.1,16905.3,17265.1,1464.6110318224
2021-11-29,17687.4,17687.4,17638.2,17638.2,2375.3775558128
2021-11-30,17633.7,17694.1,17633.7,17694.1,3973.1350450736
2021-12-01,17823.7,17843.8,17823.7,17843.8,6813.965763024
2021-12-02,18038.2,18038.2,17651.6,17651.6,5709.6333807408
2021-12-03,17897.4,17897.4,17892.9,17892.9,3451.737993256
2021-12-06,18042.6,18042.6,17854.9,17854.9,991.3257251296
2021-12-07,17991.2,18380,17991.2,18380,1332.5834521776
2021-12-08,18487.3,18867.1,18487.3,18867.1,4749.636233832
2021-12-09,18969.9,19184.4,18969.9,19184.4,3031.0399428624
2021-12-10,19135.2,19135.2,18929.7,18929.7,1097.6191155216
2021-12-13,19121.8,19188.9,19121.8,19188.9,8121.9339037424
2021-12-14,19144.2,19144.2,18929.7,18929.7,4711.5943888496
2021-12-15,18844.8,19273.8,18844.8,19273.8,2900.1312410112
2021-12-16,19457,19854.7,19457,19854.7,1229.6466951664
2021-12-17,19702.8,19702.8,19474.9,19474.9,2692.0199714016
2021-12-20,19322.9,20096,19322.9,20096,5003.6214929792
2021-12-21,20154.1,20154.1,19903.9,19903.9,4521.3851639376
2021-12-22,20051.3,20051.3,20046.9,20046.9,1890.903471184
2021-12-23,20154.1,20373.1,20154.1,20373.1,1003.6333808592
2021-12-24,20373.1,20373.1,20373.1,20373.1
2021-12-27,20493.7,20806.6,20493.7,20806.6,7829.9067996128
2021-12-28,20985.3,20985.3,20931,20931,1248.6676176576
2021-12-29,20963,20963,20936.2,20936.2,998.0389918912
2021-12-30,21159.6,21159.6,21159.6,21159.6,6246.6947216688
2021-12-31,21159.6,21159.6,21159.6,21159.6
2022-01-03,21190.9,21539.4,21190.9,21539.4,6403.3376127728
2022-01-04,21695.8,21695.8,21682.4,21682.4,1533.9814550256
2022-01-05,21758.4,21798.6,21758.4,21798.6,1599.995244848
2022-01-06,21597.5,21597.5,21150.7,21150.7,2856.4950070608
2022-01-07,21338.3,21409.8,21338.3,21409.8,1550.7646219296
2022-01-10,21727.1,21727.1,20811,20811,6490.6100806736
2022-01-11,20931.7,20931.7,20752.9,20752.9,4580.6856869984
2022-01-12,21123.8,21566.3,21123.8,21566.3,5551.8716118432
2022-01-13,21736.1,22232.1,21736.1,22232.1,1683.911079368
2022-01-14,22111.4,22111.4,21106,21106,4996.9082262176
2022-01-17,20958.5,20958.5,20350.7,20350.7,4764.1816451488
2022-01-18,20248,20484.8,20248,20484.8,2990.7603422928
2022-01-19,20256.9,20256.9,19819,19819,4774.2515452912
2022-01-20,20006.7,20605.5,20006.7,20605.5,3524.46504984
2022-01-21,20189.9,20189.9,20163.1,20163.1,879.4379457696
2022-01-24,20328.4,20328.4,19707.2,19707.2,4155.5121254304
2022-01-25,19765.3,19890.5,19765.3,19890.5,2320.5525439264
2022-01-26,20073.7,20520.6,20073.7,20520.6,1726.4284355248
2022-01-27,20382,21021.1,20382,21021.1,2186.2872086944
2022-01-28,20963,20963,20520.6,20520.6,2822.9286732528
2022-01-31,20954,21213.2,20954,21213.2,2527.5449357424
2022-02-01,21383,21383,20717.2,20717.2,4313.273894328
2022-02-02,21043.4,21043.4,21030,21030,6492.8478362608
2022-02-03,21141.7,21141.7,20708.2,20708.2,5933.4089394608
2022-02-04,21034.5,21034.5,19698.3,19698.3,7273.8245361936
2022-02-07,19711.7,19899.4,19711.7,19899.4,14094.503565979
2022-02-08,19783.2,19783.2,19537.4,19537.4,8319.9752732096
2022-02-09,18375.6,20752.9,18375.6,20752.9,14000.517831317
2022-02-10,21056.8,21056.8,20869.1,20869.1,6730.049928504
2022-02-11,20797.6,20797.6,20748.5,20748.5,11099.267712512
2022-02-14,20583.1,20583.1,20234.6,20234.6,11401.364716784
2022-02-15,20306.1,20681.4,20306.1,20681.4,3484.1854492704
2022-02-16,20788.7,20788.7,20583.1,20583.1,6963.8953873664
2022-02-17,20752.9,20806.6,20752.9,20806.6,12264.01949565
2022-02-18,20980.8,20980.8,20516.1,20516.1,3994.393723152
2022-02-21,20466.9,20466.9,20011.1,20011.1,3713.5553969584
2022-02-22,19220.2,20288.2,19220.2,20288.2,6557.7427482896
2022-02-23,20323.9,20323.9,19707.2,19707.2,5229.6348072864
2022-02-24,18576.6,18791.1,18576.6,18791.1,12170.033760987
2022-02-25,18835.8,19206.7,18835.8,19206.7,7819.8368994704
2022-02-28,18822.4,18822.4,18764.3,18764.3,13249.750831811
2022-03-01,18706.2,18706.2,18438.1,18438.1,6944.8744648752
2022-03-02,18239.3,19095,18239.3,19095,12260.662862269
2022-03-03,19233.6,19644.7,19233.6,19644.7,8619.8345218944
2022-03-04,19202.3,19202.3,19019.1,19019.1,17528.339514538
2022-03-07,18469.4,18469.4,18051.6,18051.6,9020.3927720032
2022-03-08,17410.3,17410.3,17327.6,17327.6,15653.100332464
2022-03-09,17817,18172.2,17817,18172.2,9822.6281500144
2022-03-10,18518.6,18518.6,18321.9,18321.9,8917.456014992
2022-03-11,18371.1,19305.1,18371.1,19305.1,18206.379457459
2022-03-14,19564.2,20601,19564.2,20601,13091.989062914
2022-03-15,20301.6,21030,20301.6,21030,10666.262006389
2022-03-16,21385,22330,21385,22330,8957
2022-03-17,22345,22375,22345,22375,9779
2022-03-18,22525,22990,22525,22990,6360
2022-03-21,22760,23190,22760,23190,6904
2022-03-22,23160,23160,22960,22960,7684
2022-03-23,22865,22865,22550,22550,8205
2022-03-24,22570,22570,21590,21590,17750
2022-03-25,21415,21415,20485,20485,7713
2022-03-28,20580,21190,20580,21190,9187
2022-03-29,21085,21085,20540,20540,10083
2022-03-30,20435,20435,20405,20405,4208
2022-03-31,20685,20685,20455,20455,4763
2022-04-01,20332.5,20535,20332.5,20535,5852
2022-04-04,20560,20560,19415,19415,8741
2022-04-05,19522.5,19522.5,18520,18520,11648
2022-04-06,18565,18565,17995,17995,16004
2022-04-07,18062.5,18062.5,17887.5,17887.5,5213
2022-04-08,18022.5,18195,18022.5,18195,7629
2022-04-11,18015,18015,17622.5,17622.5,9895
2022-04-12,17512.5,17695,17512.5,17695,8343
2022-04-13,17732.5,18210,17732.5,18210,5818
2022-04-14,18210,18210,18210,18210
2022-04-19,18567.5,19137.5,18567.5,19137.5,10459
2022-04-20,19312.5,19700,19312.5,19700,8264
2022-04-21,19735,19735,19727.5,19727.5,4678
2022-04-22,19340,19340,18937.5,18937.5,4366
2022-04-25,18575,18575,18317.5,18317.5,10075
2022-04-26,19752.5,19752.5,18912.5,18912.5,15645
2022-04-27,18905,19527.5,18905,19527.5,7110
2022-04-28,19752.5,19965,19752.5,19965,12188
2022-04-29,20130,20785,20130,20785,5655
2022-05-02,20600,20600,20280,20280,10142
2022-05-03,20342.5,20342.5,20307.5,20307.5,5730
2022-05-04,20565,20935,20565,20935,12994
2022-05-05,21585,21585,21365,21365,7951
2022-05-06,21345,21345,21090,21090,9057
2022-05-09,20790,20790,19747.5,19747.5,7693
2022-05-10,19737.5,20227.5,19737.5,20227.5,5924
2022-05-11,20012.5,20012.5,19380,19380,4388
2022-05-12,19170,19517.5,19170,19517.5,13853
2022-05-13,19517.5,19517.5,19517.5,19517.5
2022-05-16,19745,19827.5,19745,19827.5,26646
2022-05-17,20172.5,20570,20172.5,20570,12138
2022-05-18,20850,20850,20395,20395,6586
2022-05-19,20085,20085,19580,19580,9117
2022-05-20,19890,20700,19890,20700,7087
2022-05-23,21045,21045,20570,20570,7763
2022-05-24,20217.5,20217.5,20045,20045,7625
2022-05-25,20047.5,20337.5,20047.5,20337.5,8382
2022-05-26,20337.5,20337.5,20337.5,20337.5
2022-05-27,20337.5,20337.5,20337.5,20337.5
2022-05-30,20445,20540,20445,20540,10061
2022-05-31,20405,20405,20177.5,20177.5,12043
2022-06-01,20322.5,20810,20322.5,20810,9920
2022-06-02,20890,21290,20890,21290,2691
2022-06-03,21430,21430,21350,21350,4775
2022-06-06,20810,20810,20810,20810
2022-06-07,21370,21370,21125,21125,5411
2022-06-08,21020,21020,19227.5,19227.5,14282
2022-06-09,19132.5,19132.5,19105,19105,8640
2022-06-10,18822.5,18822.5,18420,18420,10260
2022-06-13,18210,18210,18180,18180,4196
2022-06-14,18465,18542.5,18465,18542.5,4023
2022-06-15,18605,18605,18305,18305,4501
2022-06-16,18245,18245,17102.5,17102.5,6366
2022-06-17,16970,16970,16537.5,16537.5,7983
2022-06-20,16537.5,16957.5,16537.5,16957.5,4197
2022-06-21,17172.5,17357.5,17172.5,17357.5,1927
2022-06-22,17177.5,17177.5,16942.5,16942.5,5157
2022-06-23,16652.5,16652.5,16590,16590,5468
2022-06-24,16562.5,17055,16562.5,17055,8426
2022-06-27,17172.5,17562.5,17172.5,17562.5,5158
2022-06-28,17585,17585,17207.5,17207.5,6492
2022-06-29,16895,17085,16895,17085,5372
2022-06-30,16977.5,16977.5,16682.5,16682.5,12703
2022-07-01,16662.5,16662.5,16560,16560,3661
2022-07-04,16760,16842.5,16760,16842.5,2692
2022-07-05,16812.5,16812.5,16057.5,16057.5,3547
2022-07-06,16100,16137.5,16100,16137.5,3511
2022-07-07,16367.5,17232.5,16367.5,17232.5,5388
2022-07-08,17305,17687.5,17305,17687.5,9420
2022-07-11,17422.5,17422.5,17272.5,17272.5,2656
2022-07-12,17150,17150,17132.5,17132.5,6151
2022-07-13,17060,17060,16982.5,16982.5,3994
2022-07-14,17070,17090,17070,17090,5093
2022-07-15,17205,17497.5,17205,17497.5,4661
2022-07-18,17777.5,18552.5,17777.5,18552.5,8693
2022-07-19,18337.5,18480,18337.5,18480,3818
2022-07-20,18507.5,18507.5,18490,18490,6522
2022-07-21,18437.5,18465,18437.5,18465,2810
2022-07-22,18420,18420,18225,18225,1746
2022-07-25,18112.5,18242.5,18112.5,18242.5,3957
2022-07-26,18380,18515,18380,18515,5740
2022-07-27,18717.5,18717.5,18507.5,18507.5,3569
2022-07-28,18722.5,19332.5,18722.5,19332.5,3721
2022-07-29,19477.5,19680,19477.5,19680,5433
2022-08-01,19960,19960,19745,19745,4215
2022-08-02,20387.5,20387.5,20137.5,20137.5,19828
2022-08-03,20425,21160,20425,21160,12080
2022-08-04,21585,21855,21585,21855,12574
2022-08-05,22115,22115,20905,20905,9764
2022-08-08,20940,20940,20875,20875,4292
2022-08-09,20675,20770,20675,20770,6336
2022-08-10,20540,21220,20540,21220,2364
2022-08-11,21130,21130,21070,21070,3296
2022-08-12,21060,21060,19935,19935,3108
2022-08-15,20105,20105,19965,19965,3430
2022-08-16,20065,20272.5,20065,20272.5,1383
2022-08-17,20237.5,20237.5,19792.5,19792.5,2816
2022-08-18,19777.5,19777.5,19712.5,19712.5,1678
2022-08-19,19585,19752.5,19585,19752.5,3459
2022-08-22,19480,19480,19257.5,19257.5,2517
2022-08-23,18470,18760,18470,18760,5960
2022-08-24,18560,18962.5,18560,18962.5,1113
2022-08-25,18857.5,19045,18857.5,19045,2467
2022-08-26,19057.5,19057.5,18420,18420,3335
2022-08-29,18105,18375,18105,18375,4213
2022-08-30,18140,18140,17957.5,17957.5,2806
2022-08-31,18027.5,18027.5,17642.5,17642.5,5948
2022-09-01,17422.5,17422.5,17340,17340,4581
2022-09-02,17282.5,17282.5,17080,17080,1635
2022-09-05,16515,16665,16515,16665,2627
2022-09-06,16590,16590,16220,16220,3801
2022-09-07,16005,16362.5,16005,16362.5,4531
2022-09-08,16380,16380,16185,16185,2404
2022-09-09,16242.5,16410,16242.5,16410,3997
2022-09-12,16440,16575,16440,16575,4059
2022-09-13,16715,16715,16200,16200,3550
2022-09-14,16082.5,16170,16082.5,16170,2790
2022-09-15,15935,15935,15437.5,15437.5,2544
2022-09-16,14975,14975,14785,14785,8364
2022-09-19,14580,15009.71387,14580,15009.71387,1387
2022-09-20,14890,14890,14715,14715,3941
2022-09-21,14632.5,14787.5,14632.5,14787.5,2500
2022-09-22,14557.5,14557.5,14382.5,14382.5,1076
2022-09-23,14272.5,14272.5,13905,13905,6221
2022-09-26,13597.5,13985,13597.5,13985,3807
2022-09-27,14027.5,14330,14027.5,14330,2385
2022-09-28,14082.5,14082.5,14060,14060,4943
2022-09-29,13962.5,13962.5,13242.5,13242.5,3673
2022-09-30,13390,13835,13390,13835,1948
2022-10-03,13817.5,14430,13817.5,14430,10830
2022-10-04,14477.5,14772.5,14477.5,14772.5,5430
2022-10-05,14845,14845,14335,14335,7197
2022-10-06,14465,14465,14312.5,14312.5,1763
2022-10-07,14640,14640,13990,13990,1622
2022-10-10,13907.5,14480,13907.5,14480,7545
2022-10-11,14150,14150,14037.5,14037.5,2797
2022-10-12,14090,14535,14090,14535,4814
2022-10-13,14370,14652.5,14370,14652.5,5355
2022-10-14,15177.5,15177.5,15167.5,15167.5,12842
2022-10-17,15177.5,15347.5,15177.5,15347.5,2652
2022-10-18,15472.5,15800,15472.5,15800,6618
2022-10-19,15910,15910,15400,15400,37643
2022-10-20,15217.5,15692.5,15217.5,15692.5,5743
2022-10-21,15432.5,15760,15432.5,15760,5497
2022-10-24,15862.5,15862.5,15857.5,15857.5,4592
2022-10-25,15950,16057.5,15950,16057.5,4040
2022-10-26,15955,15955,15955,15955,10332
2022-10-27,16047.5,16047.5,15760,15760,2313
2022-10-28,15450,15450,15260,15260,948
2022-10-31,15355,15837.5,15355,15837.5,3218
2022-11-01,15855,16045,15855,16045,5199
2022-11-02,15537.5,15537.5,15110,15110,3537
2022-11-03,15120,15120,14450,14450,3241
2022-11-04,14402.5,14635,14402.5,14635,6704
2022-11-07,14690,15255,14690,15255,6637
2022-11-08,15292.5,15682.5,15292.5,15682.5,17096
2022-11-09,15642.5,15642.5,15105,15105,2528
2022-11-10,14820,15405,14820,15405,4091
2022-11-11,15492.5,15492.5,15325,15325,5992
2022-11-14,15500,15500,15442.5,15442.5,2413
2022-11-15,15372.5,15372.5,15325,15325,2537
2022-11-16,15365,15365,14872.5,14872.5,2199
2022-11-17,14815,14952.5,14815,14952.5,4138
2022-11-18,14872.5,14967.5,14872.5,14967.5,2695
2022-11-21,15090,15090,14902.5,14902.5,8044
2022-11-22,14900,14900,14877.5,14877.5,959
2022-11-23,14965,14972.5,14965,14972.5,1507
2022-11-24,15137.5,15147.5,15137.5,15147.5,707
2022-11-25,15135,15450,15135,15450,524
2022-11-28,15317.5,15317.5,15272.5,15272.5,2828
2022-11-29,15290,15290,15087.5,15087.5,1228
2022-11-30,15222.5,15387.5,15222.5,15387.5,4269
2022-12-01,15512.5,15512.5,15360,15360,2217
2022-12-02,15145,15145,15047.5,15047.5,1601
2022-12-05,14992.5,15220,14992.5,15220,2499
2022-12-06,15067.5,15067.5,14905,14905,14386
2022-12-07,14822.5,14822.5,14815,14815,2590
2022-12-08,14722.5,14722.5,14437.5,14437.5,3649
2022-12-09,14517.5,14962.5,14517.5,14962.5,3183
2022-12-12,14647.5,14647.5,14585,14585,2427
2022-12-13,14660,14792.5,14660,14792.5,2375
2022-12-14,14815,14815,14805,14805,7884
2022-12-15,14615,14615,14555,14555,5985
2022-12-16,14535,14690,14535,14690,4290
2022-12-19,14752.5,14905,14752.5,14905,13777
2022-12-20,14670,14825,14670,14825,3458
2022-12-21,14837.5,15500,14837.5,15500,3876
2022-12-22,15565,15565,15565,15565,4470
2022-12-23,15395,15872.5,15395,15872.5,6994
2022-12-27,16075,16140,16075,16140,3602
2022-12-28,16115,16115,15950,15950,5004
2022-12-29,15865,15865,15865,15865,4000
2022-12-30,15852.5,16025,15852.5,16025,1746
2023-01-02,16050,16270,16050,16270,1748
2023-01-03,16277.5,16277.5,15925,15925,7508
2023-01-04,15915,15915,15720,15720,1046
2023-01-05,15730,15890,15730,15890,3020
2023-01-06,15830,15830,15642.5,15642.5,3601
2023-01-09,15795,15795,15467.5,15467.5,2677
2023-01-10,15327.5,15327.5,15170,15170,7756
2023-01-11,14607.5,14792.5,14607.5,14792.5,2843
2023-01-12,14765,14765,14745,14745,1636
2023-01-13,14522.5,14522.5,14512.5,14512.5,5069
2023-01-16,14745,15225,14745,15225,2159
2023-01-17,15202.5,15202.5,15202.5,15202.5,1485
2023-01-18,15262.5,15262.5,15250,15250,1635
2023-01-19,15135,15135,14810,14810,570
2023-01-20,14852.5,14852.5,14852.5,14852.5,3804
2023-01-23,14990,15310,14990,15310,1126
2023-01-24,15367.5,15367.5,15257.5,15257.5,1842
2023-01-25,15147.5,15147.5,14175,14175,9343
2023-01-26,14460,14472.5,14460,14472.5,2599
2023-01-27,14415,14415,14395,14395,1239
2023-01-30,14540,14697.5,14540,14697.5,1903
2023-01-31,14637.5,14797.5,14637.5,14797.5,10302
2023-02-01,14977.5,15237.5,14977.5,15237.5,1184
2023-02-02,15312.5,15960,15312.5,15960,5762
2023-02-03,15875,15877.5,15875,15877.5,3442
2023-02-06,15942.5,15942.5,15795,15795,4355
2023-02-07,15755,15755,15585,15585,1742
2023-02-08,14917.5,15525,14917.5,15525,20372
2023-02-09,15375,15862.5,15375,15862.5,3390
2023-02-10,15735,15735,15222.5,15222.5,4306
2023-02-13,15330,15330,15327.5,15327.5,2303
2023-02-14,15387.5,15547.5,15387.5,15547.5,2068
2023-02-15,15422.5,15422.5,15255,15255,2997
2023-02-16,15320,15495,15320,15495,3343
2023-02-17,15332.5,15487.5,15332.5,15487.5,4136
2023-02-20,15642.5,16185,15642.5,16185,2574
2023-02-21,16037.5,16037.5,15882.5,15882.5,2189
2023-02-22,15862.5,15862.5,15700,15700,2942
2023-02-23,15705,15917.5,15705,15917.5,2709
2023-02-24,16072.5,16072.5,15900,15900,3827
2023-02-27,15932.5,16260,15932.5,16260,5473
2023-02-28,16187.5,16525,16187.5,16525,3753
2023-03-01,16440,16955,16440,16955,3207
2023-03-02,16960,17122.5,16960,17122.5,1019
2023-03-03,17082.5,17082.5,16882.5,16882.5,1637
2023-03-06,17042.5,17042.5,16990,16990,8243
2023-03-07,16912.5,16912.5,16555,16555,44288
2023-03-08,16450,16450,16232.5,16232.5,8945
2023-03-09,16310,16310,16140,16140,6921
2023-03-10,15832.5,15962.5,15832.5,15962.5,6622
2023-03-13,16007.5,16007.5,15635,15635,2592
2023-03-14,15522.5,16262.5,15522.5,16262.5,4120
2023-03-15,16292.5,16292.5,15995,15995,3388
2023-03-16,16150,16150,15732.5,15732.5,64147
2023-03-17,16180,16180,16020,16020,3340
2023-03-20,15837.5,16147.5,15837.5,16147.5,2304
2023-03-21,16127.5,16302.5,16127.5,16302.5,1988
2023-03-22,16387.5,16387.5,16382.5,16382.5,3260
2023-03-23,16435,16435,16070,16070,2842
2023-03-24,15937.5,15937.5,15817.5,15817.5,6152
2023-03-27,16007.5,16007.5,15485,15485,19460
2023-03-28,15582.5,15582.5,15302.5,15302.5,16894
2023-03-29,11617.5,11860,11617.5,11860,23743
2023-03-30,11985,12220,11985,12220,16702
2023-03-31,12197.5,12447.5,12197.5,12447.5,8993
2023-04-03,12450,12450,11905,11905,2246
2023-04-04,11882.5,12010,11882.5,12010,4460
2023-04-05,11900,11900,11520,11520,4659
2023-04-06,11520,11520,11520,11520
2023-04-11,11812.5,12065,11812.5,12065,8145
2023-04-12,12140,12387.5,12140,12387.5,7459
2023-04-13,12345,12745,12345,12745,14095
2023-04-14,12670,13325,12670,13325,14519
2023-04-17,13427.5,13872.5,13427.5,13872.5,5298
2023-04-18,13942.5,13942.5,13715,13715,3556
2023-04-19,13710,13710,13167.5,13167.5,3342
2023-04-20,13037.5,13175,13037.5,13175,4583
2023-04-21,13082.5,13082.5,12787.5,12787.5,3890
2023-04-24,12827.5,12827.5,12822.5,12822.5,7707
2023-04-25,12670,12670,12315,12315,4249
2023-04-26,12350,12350,12085,12085,5049
2023-04-27,12170,12190,12170,12190,4363
2023-04-28,12260,12260,12232.5,12232.5,2520
2023-05-02,12360,12360,12102.5,12102.5,1744
2023-05-03,12077.5,12077.5,12060,12060,7310
2023-05-04,12030,12030,11955,11955,7855
2023-05-05,11955,11955,11955,11955
2023-05-08,12100,12100,12080,12080,2738
2023-05-09,12050,12050,11915,11915,4200
2023-05-10,11970,11970,11882.5,11882.5,4968
2023-05-11,11845,11877.5,11845,11877.5,2118
2023-05-12,11985,12112.5,11985,12112.5,10293
2023-05-15,12142.5,12277.5,12142.5,12277.5,4833
2023-05-16,12190,12190,12057.5,12057.5,4211
2023-05-17,11945,11945,11927.5,11927.5,4923
2023-05-18,11927.5,11927.5,11927.5,11927.5
2023-05-19,11927.5,11927.5,11927.5,11927.5
2023-05-22,11925,11925,11822.5,11822.5,4525
2023-05-23,11720,11720,11720,11720,4140
2023-05-24,11640,11640,11395,11395,3165
2023-05-25,11365,11365,11247.5,11247.5,3012
2023-05-26,11307.5,11677.5,11307.5,11677.5,6864
2023-05-30,11767.5,11890,11767.5,11890,6087
2023-05-31,11737.5,11742.5,11737.5,11742.5,13425
2023-06-01,11865,11990,11865,11990,5644
2023-06-02,11977.5,12335,11977.5,12335,6747
2023-06-05,12335,12335,12335,12335
2023-06-06,12382.5,12382.5,11990,11990,4096
2023-06-07,12042.5,12042.5,12025,12025,9040
2023-06-08,12092.5,12580,12092.5,12580,8511
2023-06-09,12565,12565,12295,12295,6496
2023-06-12,12270,12270,12265,12265,6444
2023-06-13,12302.5,12632.5,12302.5,12632.5,8507
2023-06-14,12745,12745,12640,12640,7185
2023-06-15,12630,12630,12630,12630,7664
2023-06-16,12567.5,12567.5,12172.5,12172.5,3835
2023-06-19,12107.5,12107.5,11985,11985,3901
2023-06-20,11890,11890,11770,11770,3062
2023-06-21,11707.5,11707.5,11585,11585,4714
2023-06-22,11470,11720,11470,11720,5865
2023-06-23,11560,11807.5,11560,11807.5,2430
2023-06-26,11827.5,11942.5,11827.5,11942.5,791
2023-06-27,12110,12110,11985,11985,840
2023-06-28,12012.5,12012.5,12012.5,12012.5,3605
2023-06-29,12045,12045,11910,11910,2156
2023-06-30,11970,12095,11970,12095,2718
2023-07-03,12090,12345,12090,12345,1594
2023-07-04,12512.5,12642.5,12512.5,12642.5,26327
2023-07-05,12630,12630,12487.5,12487.5,1098
2023-07-06,12385,12385,12362.5,12362.5,7990
2023-07-07,12405,12507.5,12405,12507.5,7157
2023-07-10,12425,12542.5,12425,12542.5,1177
2023-07-11,12647.5,12782.5,12647.5,12782.5,7998
2023-07-12,12937.5,12937.5,12795,12795,11866
2023-07-13,13057.5,13332.5,13057.5,13332.5,3216
2023-07-14,13187.5,13610,13187.5,13610,4527
2023-07-17,13425,13567.5,13425,13567.5,41726
2023-07-18,13562.5,13845,13562.5,13845,2394
2023-07-19,13990,13990,13975,13975,2806
2023-07-20,14015,14155,14015,14155,1059
2023-07-21,13972.5,13972.5,13692.5,13692.5,8957
2023-07-24,13662.5,13662.5,13662.5,13662.5,1167
2023-07-25,13667.5,13667.5,13642.5,13642.5,1945
2023-07-26,13567.5,13580,13567.5,13580,968
2023-07-27,13642.5,13847.5,13642.5,13847.5,757
2023-07-28,13757.5,13760,13757.5,13760,2675
2023-07-31,13817.5,13962.5,13817.5,13962.5,1940
2023-08-01,13792.5,13792.5,13752.5,13752.5,17168
2023-08-02,13557.5,13647.5,13557.5,13647.5,4227
2023-08-03,13567.5,13567.5,13517.5,13517.5,7806
2023-08-04,13682.5,13682.5,12910,12910,7009
2023-08-07,12557.5,12962.5,12557.5,12962.5,6932
2023-08-08,12887.5,13065,12887.5,13065,2081
2023-08-09,13122.5,13230,13122.5,13230,35973
2023-08-10,13165,13387.5,13165,13387.5,4724
2023-08-11,13245,13265,13245,13265,798
2023-08-14,13097.5,13255,13097.5,13255,1514
2023-08-15,13335,13400,13335,13400,1863
2023-08-16,13272.5,13477.5,13272.5,13477.5,19383
2023-08-17,13410,13410,13395,13395,1720
2023-08-18,13212.5,13352.5,13212.5,13352.5,4655
2023-08-21,13337.5,13592.5,13337.5,13592.5,2050
2023-08-22,13675,13820,13675,13820,1538
2023-08-23,13772.5,13772.5,13437.5,13437.5,3103
2023-08-24,13565,13565,13082.5,13082.5,992
2023-08-25,13072.5,13072.5,13010,13010,1816
2023-08-28,13050,13050,12998.71435,12998.71435,3638
2023-08-29,12972.5,13167.5,12972.5,13167.5,2516
2023-08-30,13165,13165,13145,13145,2254
2023-08-31,13210,13210,12535,12535,4803
2023-09-01,12627.5,12727.5,12627.5,12727.5,5753
2023-09-04,12942.5,12942.5,12845,12845,1065
2023-09-05,12770,12770,12517.5,12517.5,1275
2023-09-06,12490,12730,12490,12730,2138
2023-09-07,12427.5,12427.5,12360,12360,1674
2023-09-08,12397.5,12397.5,12272.5,12272.5,4452
2023-09-11,12357.5,12440,12357.5,12440,868
2023-09-12,12480,12480,12355,12355,3483
2023-09-13,12362.5,12440,12362.5,12440,7062
2023-09-14,12560,12692.5,12560,12692.5,1187
2023-09-15,12742.5,12742.5,12632.5,12632.5,7021
2023-09-18,12275,12442.5,12275,12442.5,1499
2023-09-19,12462.5,12592.5,12462.5,12592.5,4895
2023-09-20,12675,12825,12675,12825,3425
2023-09-21,12800,12835,12800,12835,28788
2023-09-22,12790,12790,12637.5,12637.5,3475
2023-09-25,12537.5,12537.5,12262.5,12262.5,9078
2023-09-26,12292.5,12422.5,12292.5,12422.5,1611
2023-09-27,12440,12572.5,12440,12572.5,1111
2023-09-28,12552.5,12657.5,12552.5,12657.5,2164
2023-09-29,12642.5,12757.5,12642.5,12757.5,2297
2023-10-02,12882.5,12882.5,12790,12790,2124
2023-10-03,12765,12775,12765,12775,10857
2023-10-04,12750,12750,12750,12750,2816
2023-10-05,12775,12912.5,12775,12912.5,1595
2023-10-06,13010,13150,13010,13150,9005
2023-10-09,13165,13165,13165,13165,1913
2023-10-10,13335,13335,13077.5,13077.5,9108
2023-10-11,12882.5,12882.5,12707.5,12707.5,4366
2023-10-12,12630,12680,12630,12680,3050
2023-10-13,12602.5,12887.5,12602.5,12887.5,2486
2023-10-16,12742.5,12742.5,12462.5,12462.5,4034
2023-10-17,12320,12320,12175,12175,2933
2023-10-18,12122.5,12122.5,11975,11975,9695
2023-10-19,11577.5,11975,11577.5,11975,4904
2023-10-20,11470,11485,11470,11485,35212
2023-10-23,11447.5,11580,11447.5,11580,3756
2023-10-24,11670,11687.5,11670,11687.5,6441
2023-10-25,11925,11925,11555,11555,2969
2023-10-26,11435,11805,11435,11805,5715
2023-10-27,11847.5,11847.5,11800,11800,2326
2023-10-30,11775,11775,11605,11605,4962
2023-10-31,11587.5,11700,11587.5,11700,5307
2023-11-01,11792.5,11817.5,11792.5,11817.5,2545
2023-11-02,11945,12180,11945,12180,5195
2023-11-03,11285,11285,10188,10188,22931
2023-11-06,10178.5,10178.5,10094,10094,6306
2023-11-07,9963.5,9966,9963.5,9966,4641
2023-11-08,10010,10114,10010,10114,2855
2023-11-09,10024.5,10242.5,10024.5,10242.5,4258
2023-11-10,10151.5,10151.5,10015,10015,4886
2023-11-13,9961,9961,9961,9961,3010
2023-11-14,9985,10295,9985,10295,3621
2023-11-15,10365,10477.5,10365,10477.5,2325
2023-11-16,10462.5,10462.5,10342.5,10342.5,2771
2023-11-17,10312.5,10312.5,10312.5,10312.5,4252
2023-11-20,10250,10390,10250,10390,1814
2023-11-21,10415,10415,10089.5,10089.5,1786
2023-11-22,10066.5,10173,10066.5,10173,5074
2023-11-23,10252.5,10410,10252.5,10410,7148
2023-11-24,10385,10500,10385,10500,837
2023-11-27,10577.5,10830,10577.5,10830,11956
2023-11-28,10757.5,10757.5,10650,10650,3279
2023-11-29,10627.5,10860,10627.5,10860,4072
2023-11-30,10865,10865,10745,10745,8033
2023-12-01,10925,10925,10905,10905,5425
2023-12-04,10935,11030,10935,11030,1871
2023-12-05,10760,10760,10755,10755,2605
2023-12-06,10712.5,10712.5,10605,10605,4324
2023-12-07,10517.5,10517.5,10392.5,10392.5,2724
2023-12-08,10457.5,10512.5,10457.5,10512.5,3950
2023-12-11,10472.5,10475,10472.5,10475,1623
2023-12-12,10452.5,10452.5,10360,10360,8355
2023-12-13,10370,10562.5,10370,10562.5,4354
2023-12-14,10635,10992.5,10635,10992.5,7781
2023-12-15,11105,11850,11105,11850,10137
2023-12-18,11967.5,12235,11967.5,12235,16239
2023-12-19,12165,12165,11780,11780,3325
2023-12-20,11777.5,12045,11777.5,12045,10344
2023-12-21,12077.5,12410,12077.5,12410,4021
2023-12-22,12560,12692.5,12560,12692.5,9872
2023-12-27,12325,12325,12185,12185,4090
2023-12-28,12132.5,12132.5,12015,12015,2732
2023-12-29,12000,12135,12000,12135,2912
2024-01-02,12392.5,13007.5,12392.5,13007.5,4656
2024-01-03,13227.5,13505,13227.5,13505,5928
2024-01-04,13567.5,14245,13567.5,14245,12995
2024-01-05,14230,14230,13937.5,13937.5,7305
2024-01-08,14007.5,14007.5,13287.5,13287.5,13330
2024-01-09,13137.5,13267.5,13137.5,13267.5,2439
2024-01-10,13102.5,13102.5,12967.5,12967.5,2755
2024-01-11,13040,13125,13040,13125,5682
2024-01-12,13427.5,13427.5,13152.5,13152.5,34527
2024-01-15,13252.5,13252.5,13117.5,13117.5,8009
2024-01-16,13030,13325,13030,13325,2611
2024-01-17,13077.5,13652.5,13077.5,13652.5,5077
2024-01-18,13685,13685,13525,13525,3654
2024-01-19,13650,13650,12925,12925,7734
2024-01-22,13037.5,13335,13037.5,13335,1792
2024-01-23,13247.5,13385,13247.5,13385,2270
2024-01-24,13312.5,13312.5,13042.5,13042.5,7322
2024-01-25,13012.5,13155,13012.5,13155,13429
2024-01-26,12867.5,12867.5,12745,12745,8652
2024-01-29,12777.5,12777.5,12532.5,12532.5,2610
2024-01-30,12512.5,12637.5,12512.5,12637.5,3602
2024-01-31,12617.5,12752.5,12617.5,12752.5,8077
2024-02-01,12672.5,12672.5,12532.5,12532.5,3669
2024-02-02,12307.5,12307.5,12130,12130,10621
2024-02-05,12262.5,12527.5,12262.5,12527.5,5722
2024-02-06,12635,12765,12635,12765,10802
2024-02-07,12742.5,12885,12742.5,12885,9765
2024-02-08,11372.5,11372.5,10887.5,10887.5,28643
2024-02-09,10990,10992.5,10990,10992.5,16437
2024-02-12,10835,10957.5,10835,10957.5,4663
2024-02-13,10937.5,10937.5,10845,10845,4528
2024-02-14,10827.5,10827.5,10825,10825,3692
2024-02-15,10837.5,10837.5,10835,10835,2959
2024-02-16,10932.5,10932.5,10627.5,10627.5,4967
2024-02-19,10555,10665,10555,10665,3361
2024-02-20,10752.5,10752.5,10540,10540,3633
2024-02-21,10372.5,10372.5,10335,10335,6477
2024-02-22,10500.5,10500.5,10465,10465,2513
2024-02-23,10430,10430,10087,10087,5805
2024-02-26,10111,10111,9887,9887,5828
2024-02-27,9946,9946,9943.5,9943.5,3346
2024-02-28,9869.5,9992.5,9869.5,9992.5,2343
2024-02-29,10049,10049,9733,9733,29489
2024-03-01,9595,9595,9583,9583,4964
2024-03-04,9656,9656,9544,9544,4516
2024-03-05,9501,9501,9292,9292,6401
2024-03-06,9286,9460,9286,9460,31294
2024-03-07,9434,9513,9434,9513,6931
2024-03-08,9477,9489,9477,9489,17938
2024-03-11,9466,9469,9466,9469,18397
2024-03-12,9514,9701,9514,9701,8521
2024-03-13,9692,9692,9603,9603,27636
2024-03-14,9548,9548,9345,9345,7767
2024-03-15,8977,9053,8977,9053,7724
2024-03-18,9056,9056,8978,8978,19214
2024-03-19,8911,8911,8896,8896,48821
2024-03-20,8867,8967,8867,8967,76483
2024-03-21,9226,9226,9220,9220,13732